INSERT INTO usuario(id, username, email, password, avatar, horas_disponibles, account_non_expired, account_non_locked,credentials_non_expired, enabled) VALUES ('9cd0c43a-6a72-4967-a629-5f51bfbe5105', 'FernandoCD', 'fernandocdd02@gmail.com', '{bcrypt}$2a$12$qG8MR/W6ExYtPPdpr2Ry/eEy.x30mvHWlRyLuG6fP57lCK.6Kuz.W', 'sheamus.jpg', 5, true, true, true, true);
INSERT INTO usuario(id, username, email, password, avatar, horas_disponibles, account_non_expired, account_non_locked,credentials_non_expired, enabled) VALUES ('9cd0c43a-6a72-4967-a629-5f51bfbe5107', 'Miguel', 'miguel@gmail.com', '{bcrypt}$2a$12$qG8MR/W6ExYtPPdpr2Ry/eEy.x30mvHWlRyLuG6fP57lCK.6Kuz.W', 'hulkHogan.png', 5, true, true, true, true);
INSERT INTO usuario(id, username, email, password, avatar, horas_disponibles, account_non_expired, account_non_locked,credentials_non_expired, enabled) VALUES ('9cd0c43a-6a72-4967-a629-5f51bfbe5106', 'Luismi', 'luismi@gmail.com', '{bcrypt}$2a$12$qG8MR/W6ExYtPPdpr2Ry/eEy.x30mvHWlRyLuG6fP57lCK.6Kuz.W', 'Macho-Man-Randy-Savage.jpg', 5, true, true, true, true);

INSERT INTO usuario_roles(roles, usuario_id) VALUES (0, '9cd0c43a-6a72-4967-a629-5f51bfbe5105');
INSERT INTO usuario_roles(roles, usuario_id) VALUES (1, '9cd0c43a-6a72-4967-a629-5f51bfbe5107');
INSERT INTO usuario_roles(roles, usuario_id) VALUES (1, '9cd0c43a-6a72-4967-a629-5f51bfbe5106');

INSERT INTO categoria (id, nombre, imagen_url) VALUES ('6f5fecf2-a032-434b-9d6f-ed18e4f7d4a0', 'Funko-Pops', 'pikachu-funko.jpg');
INSERT INTO categoria (id, nombre, imagen_url) VALUES ('6f5fecf2-a032-434b-9d6f-ed18e4f7d4a1', 'Periféricos', 'ratonLogitech.jpg');

INSERT INTO producto (id, nombre, imagen, descripcion, precio, valoracion, en_venta, categoria_id) VALUES ('3300c13e-cbd5-4870-8738-71bfceb2ba67', 'Funko-Pop: Pikachu', 'https://drimjuguetes.vtexassets.com/arquivos/ids/767973/Funko-POP-Pokemon-Pikachu.jpg?v=637486128611200000', 'Funko-Pop de pikachu', 19.99, 4.2, true, '6f5fecf2-a032-434b-9d6f-ed18e4f7d4a0');
INSERT INTO producto (id, nombre, imagen, descripcion, precio, valoracion, en_venta, categoria_id) VALUES ('07bf149e-0701-41bd-b73d-977848b06d9e', 'Gaming Mouse Logitech G203', 'https://m.media-amazon.com/images/I/61UxfXTUyvL._AC._SR360,460.jpg', 'Logitech G203 LIGHTSYNC Ratón USB Gaming con Iluminación RGB Personalizable, 6 Botones Programables, Captor 8K para Gaming, Seguimiento de hasta 8,000 DPI, Ultra-ligero - Negro', 24.99, 4.6, true, '6f5fecf2-a032-434b-9d6f-ed18e4f7d4a1');
INSERT INTO producto (id, nombre, imagen, descripcion, precio, valoracion, en_venta, categoria_id) VALUES ('39f50c41-1746-4c1e-8e3d-b5e00818e49e', 'Funko-Pop: Spiderman', 'https://www.funkotienda.com/wp-content/uploads/2017/02/funko-pop-spiderman-homecoming-spiderman.jpg', 'Funko-Pop de Spiderman', 12.99, 4.7, true, '6f5fecf2-a032-434b-9d6f-ed18e4f7d4a0');
INSERT INTO producto (id, nombre, imagen, descripcion, precio, valoracion, en_venta, categoria_id) VALUES ('2a501a16-b738-4627-8248-2343d5978b9d', 'Funko-Pop: Iron Man', 'https://freakland.es/8872-large_default/funko-pop-avengers-game-iron-man-stark-tech-suit.jpg', 'Funko-Pop de Iron Man', 14.99, 4.3, true, '6f5fecf2-a032-434b-9d6f-ed18e4f7d4a0') ;
INSERT INTO producto (id, nombre, imagen, descripcion, precio, valoracion, en_venta, categoria_id) VALUES ('7a03602f-29d4-4cb1-8aee-fd1842b9e1b0', 'Funko-Pop: Baby Yoda', 'https://m.media-amazon.com/images/I/71vGpEkVJSL._AC_UF894,1000_QL80_.jpg', 'Funko-Pop de Baby Yoda', 22.99, 4.8, true, '6f5fecf2-a032-434b-9d6f-ed18e4f7d4a0');
INSERT INTO producto (id, nombre, imagen, descripcion, precio, valoracion, en_venta, categoria_id) VALUES ('47c0d55f-d1a5-4d3d-8043-17d36473f2dc', 'Funko-Pop: Harry Potter', 'https://img.dynos.es/img/1cb91/66ff3/1K1--XP-1-3511090101-0.jpg', 'Funko-Pop de Harry Potter', 18.99, 4.6, true, '6f5fecf2-a032-434b-9d6f-ed18e4f7d4a0');
INSERT INTO producto (id, nombre, imagen, descripcion, precio, valoracion, en_venta, categoria_id) VALUES ('2270c451-22de-4c1d-8fc9-6ffba17bc536', 'Funko-Pop: Captain America', 'https://mifunko.com/794-thickbox_default/funko-pop-capitan-america-marvel-civil-war.jpg', 'Funko-Pop de Captain America', 16.99, 4.4, true, '6f5fecf2-a032-434b-9d6f-ed18e4f7d4a0');
INSERT INTO producto (id, nombre, imagen, descripcion, precio, valoracion, en_venta, categoria_id) VALUES ('da7d9e6f-5ec5-4b9a-bb3f-170cfb484f1b', 'Funko-Pop: Naruto', 'https://m.media-amazon.com/images/I/61ZGb3AgW7L.jpg', 'Funko-Pop de Naruto', 20.99, 4.5, true, '6f5fecf2-a032-434b-9d6f-ed18e4f7d4a0');

INSERT INTO pedido (id, fecha, estado_pedido, usuario) VALUES ('5fe3b57c-57b3-487b-8b0d-68e8d0ffb07c', '2024-02-28', 'CONFIRMADO', '9cd0c43a-6a72-4967-a629-5f51bfbe5106');
INSERT INTO pedido (id, fecha, estado_pedido, usuario) VALUES ('fcbc72c9-9190-436e-b651-ff9f4bab6120', '2024-03-10', 'PENDIENTE', '9cd0c43a-6a72-4967-a629-5f51bfbe5107');

INSERT INTO linea_pedido (cod_linea, pedido_id, cantidad, precio_unitario, producto_id) VALUES ('039fc705-f328-411c-b3e5-350ae380195c', '5fe3b57c-57b3-487b-8b0d-68e8d0ffb07c', 1, 19.99, '3300c13e-cbd5-4870-8738-71bfceb2ba67');

