INSERT INTO usuario(id, username, email, password, avatar, horas_disponibles, account_non_expired, account_non_locked,credentials_non_expired, enabled) VALUES ('9cd0c43a-6a72-4967-a629-5f51bfbe5105', 'FernandoCD', 'fernandocdd02@gmail.com', '{bcrypt}$2a$12$qG8MR/W6ExYtPPdpr2Ry/eEy.x30mvHWlRyLuG6fP57lCK.6Kuz.W', 'Macho-Man-Randy-Savage.jpg', 5, true, true, true, true);
INSERT INTO usuario(id, username, email, password, avatar, horas_disponibles, account_non_expired, account_non_locked,credentials_non_expired, enabled) VALUES ('9cd0c43a-6a72-4967-a629-5f51bfbe5107', 'Miguel', 'miguel@gmail.com', '{bcrypt}$2a$12$qG8MR/W6ExYtPPdpr2Ry/eEy.x30mvHWlRyLuG6fP57lCK.6Kuz.W', 'hulkHogan.png', 5, true, true, true, true);
INSERT INTO usuario(id, username, email, password, avatar, horas_disponibles, account_non_expired, account_non_locked,credentials_non_expired, enabled) VALUES ('9cd0c43a-6a72-4967-a629-5f51bfbe5106', 'Luismi', 'luismi@gmail.com', '{bcrypt}$2a$12$qG8MR/W6ExYtPPdpr2Ry/eEy.x30mvHWlRyLuG6fP57lCK.6Kuz.W', 'https://peru21.pe/resizer/Jdk2yPGA_EO7yFM14pW1cMm0Khk=/1200x900/smart/filters:format(jpeg):quality(75)/cloudfront-us-east-1.images.arcpublishing.com/elcomercio/O4TX3D7ARBCBXE4OUWFVQ4LF24.jpg', 5, true, true, true, true);

INSERT INTO usuario_roles(roles, usuario_id) VALUES (0, '9cd0c43a-6a72-4967-a629-5f51bfbe5105');
INSERT INTO usuario_roles(roles, usuario_id) VALUES (1, '9cd0c43a-6a72-4967-a629-5f51bfbe5107');
INSERT INTO usuario_roles(roles, usuario_id) VALUES (1, '9cd0c43a-6a72-4967-a629-5f51bfbe5106');

INSERT INTO categoria (id, nombre, imagen_url) VALUES ('6f5fecf2-a032-434b-9d6f-ed18e4f7d4a0', 'Funko-Pops', 'pikachu-funko.jpg');
INSERT INTO categoria (id, nombre, imagen_url) VALUES ('6f5fecf2-a032-434b-9d6f-ed18e4f7d4a1', 'Periféricos', 'ratonLogitech.jpg');

INSERT INTO reserva (id, desde, hasta, usuario, activa, tipo_dispositivo) VALUES ('9a5f704d-17e5-43a8-8039-cfd6d8bf38ea', '2024-06-10 14:30:00', '2024-06-10 16:30:00', 'Luismi', true, 'ORDENADOR');

INSERT INTO producto (id, nombre, imagen, descripcion, precio, valoracion, en_venta, categoria_id) VALUES ('3300c13e-cbd5-4870-8738-71bfceb2ba67', 'Funko-Pop: Pikachu', 'https://drimjuguetes.vtexassets.com/arquivos/ids/767973/Funko-POP-Pokemon-Pikachu.jpg?v=637486128611200000', 'Funko-Pop de pikachu', 19.99, 4.2, true, '6f5fecf2-a032-434b-9d6f-ed18e4f7d4a0');
INSERT INTO producto (id, nombre, imagen, descripcion, precio, valoracion, en_venta, categoria_id) VALUES ('07bf149e-0701-41bd-b73d-977848b06d9e', 'Gaming Mouse Logitech G203', 'https://m.media-amazon.com/images/I/61UxfXTUyvL._AC._SR360,460.jpg', 'Gaming Mouse Logitech G203', 24.99, 4.6, true, '6f5fecf2-a032-434b-9d6f-ed18e4f7d4a1');
INSERT INTO producto (id, nombre, imagen, descripcion, precio, valoracion, en_venta, categoria_id) VALUES ('39f50c41-1746-4c1e-8e3d-b5e00818e49e', 'Funko-Pop: Spiderman', 'https://www.funkotienda.com/wp-content/uploads/2017/02/funko-pop-spiderman-homecoming-spiderman.jpg', 'Funko-Pop de Spiderman', 12.99, 4.7, true, '6f5fecf2-a032-434b-9d6f-ed18e4f7d4a0');
INSERT INTO producto (id, nombre, imagen, descripcion, precio, valoracion, en_venta, categoria_id) VALUES ('2a501a16-b738-4627-8248-2343d5978b9d', 'Funko-Pop: Iron Man', 'https://freakland.es/8872-large_default/funko-pop-avengers-game-iron-man-stark-tech-suit.jpg', 'Funko-Pop de Iron Man', 14.99, 4.3, true, '6f5fecf2-a032-434b-9d6f-ed18e4f7d4a0') ;
INSERT INTO producto (id, nombre, imagen, descripcion, precio, valoracion, en_venta, categoria_id) VALUES ('7a03602f-29d4-4cb1-8aee-fd1842b9e1b0', 'Funko-Pop: Baby Yoda', 'https://m.media-amazon.com/images/I/71vGpEkVJSL._AC_UF894,1000_QL80_.jpg', 'Funko-Pop de Baby Yoda', 22.99, 4.8, true, '6f5fecf2-a032-434b-9d6f-ed18e4f7d4a0');
INSERT INTO producto (id, nombre, imagen, descripcion, precio, valoracion, en_venta, categoria_id) VALUES ('47c0d55f-d1a5-4d3d-8043-17d36473f2dc', 'Funko-Pop: Harry Potter', 'https://img.dynos.es/img/1cb91/66ff3/1K1--XP-1-3511090101-0.jpg', 'Funko-Pop de Harry Potter', 18.99, 4.6, true, '6f5fecf2-a032-434b-9d6f-ed18e4f7d4a0');
INSERT INTO producto (id, nombre, imagen, descripcion, precio, valoracion, en_venta, categoria_id) VALUES ('7e5896a0-7a90-4b09-bfe7-6e3de3c20928', 'Teclado Mecánico HyperX Alloy FPS', 'https://m.media-amazon.com/images/I/51S6XuFNlsL._AC_SY550_.jpg', 'HyperX Alloy FPS', 79.99, 4.8, true, '6f5fecf2-a032-434b-9d6f-ed18e4f7d4a1');
INSERT INTO producto (id, nombre, imagen, descripcion, precio, valoracion, en_venta, categoria_id) VALUES ('fc12e11b-2923-47cf-a255-82b6351bea08', 'Auriculares Gaming HyperX Cloud II', 'https://m.media-amazon.com/images/I/71ybggLz1hL._AC_SY450_.jpg', 'HyperX KHX-HSCP-RD Cloud II', 84.99, 4.7, true, '6f5fecf2-a032-434b-9d6f-ed18e4f7d4a1');
INSERT INTO producto (id, nombre, imagen, descripcion, precio, valoracion, en_venta, categoria_id) VALUES ('b56ee8a7-6c3d-419f-819a-3e3a7e05e5e5', 'Alfombrilla Razer Goliathus Speed', 'https://m.media-amazon.com/images/I/51yXvPIasAL._AC_SY355_.jpg', 'Razer Goliathus Speed', 33.99, 4.5, true, '6f5fecf2-a032-434b-9d6f-ed18e4f7d4a1');
INSERT INTO producto (id, nombre, imagen, descripcion, precio, valoracion, en_venta, categoria_id) VALUES ('6c5c8a58-7e45-437e-ba82-298a78d107ae', 'Monitor Gaming ASUS VG248QG', 'https://m.media-amazon.com/images/I/71rjPlnmiXL._AC_SY450_.jpg', 'ASUS VG248QG', 199.99, 4.6, true, '6f5fecf2-a032-434b-9d6f-ed18e4f7d4a1');

INSERT INTO pedido (id, fecha, estado_pedido, usuario) VALUES ('5fe3b57c-57b3-487b-8b0d-68e8d0ffb07c', '2024-02-28', 'CONFIRMADO', '9cd0c43a-6a72-4967-a629-5f51bfbe5106');
INSERT INTO pedido (id, fecha, estado_pedido, usuario) VALUES ('fcbc72c9-9190-436e-b651-ff9f4bab6120', '2024-03-10', 'PENDIENTE', '9cd0c43a-6a72-4967-a629-5f51bfbe5107');

INSERT INTO linea_pedido (cod_linea, pedido_id, cantidad, precio_unitario, producto_id) VALUES ('039fc705-f328-411c-b3e5-350ae380195c', '5fe3b57c-57b3-487b-8b0d-68e8d0ffb07c', 1, 19.99, '3300c13e-cbd5-4870-8738-71bfceb2ba67');

